"Image URL","Image Title","Image Caption","Image Description","Image Alt Text","Image Featured","Attachment URL"
https://quickmobilerepair.com/wp-content/uploads/2017/09/repair-smartphone-2.jpg|https://quickmobilerepair.com/wp-content/uploads/2017/09/battery-iphone.jpg,"repair smartphone 2|battery iphone",|,|,|,https://quickmobilerepair.com/wp-content/uploads/2017/09/repair-smartphone-2.jpg,
https://quickmobilerepair.com/wp-content/uploads/2016/11/led.jpg|https://quickmobilerepair.com/wp-content/uploads/2017/09/iphone-repair.png,"led|iphone repair",|,|,|,https://quickmobilerepair.com/wp-content/uploads/2016/11/led.jpg,
https://quickmobilerepair.com/wp-content/uploads/2017/09/iphone.jpg,iphone,,,,https://quickmobilerepair.com/wp-content/uploads/2017/09/iphone.jpg,
https://quickmobilerepair.com/wp-content/uploads/2017/09/iphone-6s-battery-life-stellar-results-haters-gonna-hate.jpg,iphone-6s-battery-life-stellar-results-haters-gonna-hate,,,,https://quickmobilerepair.com/wp-content/uploads/2017/09/iphone-6s-battery-life-stellar-results-haters-gonna-hate.jpg,
https://quickmobilerepair.com/wp-content/uploads/2017/09/ipad.jpg,ipad,,,,https://quickmobilerepair.com/wp-content/uploads/2017/09/ipad.jpg,
https://quickmobilerepair.com/wp-content/uploads/2017/09/iphone-repair.jpg,iphone-repair,,,,https://quickmobilerepair.com/wp-content/uploads/2017/09/iphone-repair.jpg,
https://quickmobilerepair.com/wp-content/uploads/2016/11/blog-placeholder2.jpg,"blog placeholder2",,,,https://quickmobilerepair.com/wp-content/uploads/2016/11/blog-placeholder2.jpg,
https://quickmobilerepair.com/wp-content/uploads/2017/09/iphone-gift.jpg,"iphone gift",,,,https://quickmobilerepair.com/wp-content/uploads/2017/09/iphone-gift.jpg,
https://quickmobilerepair.com/wp-content/uploads/2017/09/iphone-repair-blog.jpg,"iphone repair blog",,,,https://quickmobilerepair.com/wp-content/uploads/2017/09/iphone-repair-blog.jpg,
https://quickmobilerepair.com/wp-content/uploads/2017/09/iphone-6s-battery-life-stellar-results-haters-gonna-hate.jpg,iphone-6s-battery-life-stellar-results-haters-gonna-hate,,,,https://quickmobilerepair.com/wp-content/uploads/2017/09/iphone-6s-battery-life-stellar-results-haters-gonna-hate.jpg,
https://quickmobilerepair.com/wp-content/uploads/2017/09/Samsung-i-LG.jpg,Samsung-i-LG,,,,https://quickmobilerepair.com/wp-content/uploads/2017/09/Samsung-i-LG.jpg,
https://quickmobilerepair.com/wp-content/uploads/2017/09/i_dont_care__99174.1404688185.1200.1200.jpg,i_dont_care__99174.1404688185.1200.1200,,,,https://quickmobilerepair.com/wp-content/uploads/2017/09/i_dont_care__99174.1404688185.1200.1200.jpg,
https://quickmobilerepair.com/wp-content/uploads/2017/09/ipad.jpg,ipad,,,,https://quickmobilerepair.com/wp-content/uploads/2017/09/ipad.jpg,
https://quickmobilerepair.com/wp-content/uploads/2017/09/blog-cellphone-repair.jpg,"blog cellphone repair",,,,https://quickmobilerepair.com/wp-content/uploads/2017/09/blog-cellphone-repair.jpg,
,,,,,,
,,,,,,
https://quickmobilerepair.com/wp-content/uploads/2019/02/battttttt.jpg,battttttt,,,,https://quickmobilerepair.com/wp-content/uploads/2019/02/battttttt.jpg,
https://quickmobilerepair.com/wp-content/uploads/2019/02/batter.jpeg|https://quickmobilerepair.com/wp-content/uploads/2019/02/Swollen-Battery.jpg|https://quickmobilerepair.com/wp-content/uploads/2019/02/Phone-off.jpg|https://quickmobilerepair.com/wp-content/uploads/2019/02/low-batt-.jpg,"batter|Swollen Battery|Phone off|low batt =",|||,|||,|||,https://quickmobilerepair.com/wp-content/uploads/2019/02/batter.jpeg,
https://quickmobilerepair.com/wp-content/uploads/2019/02/soldering-pull.jpg,"soldering pull",,,,https://quickmobilerepair.com/wp-content/uploads/2019/02/soldering-pull.jpg,
https://quickmobilerepair.com/wp-content/uploads/2019/03/backglass.jpg,backglass,,,,https://quickmobilerepair.com/wp-content/uploads/2019/03/backglass.jpg,
https://quickmobilerepair.com/wp-content/uploads/2019/03/IMG_20190323_110658_587.jpg|https://quickmobilerepair.com/wp-content/uploads/2019/03/images.jpg|https://quickmobilerepair.com/wp-content/uploads/2019/03/unlocked.jpg,IMG_20190323_110658_587|images|unlocked,||,||,||,https://quickmobilerepair.com/wp-content/uploads/2019/03/IMG_20190323_110658_587.jpg,
https://quickmobilerepair.com/wp-content/uploads/2019/04/3788327603_c11f500f9a_b.jpg,3788327603_c11f500f9a_b,,,,https://quickmobilerepair.com/wp-content/uploads/2019/04/3788327603_c11f500f9a_b.jpg,
